id	university	publications	publications_frac	top_pubs	top_pubs_frac	collaboration	oa
6	Univ Graz	3435	1468	413	138	2876	2273
8	Graz Univ Technol	3481	1545	444	177	2927	1917
10	Univ Innsbruck	5704	2244	705	216	4838	3957
14	Johannes Kepler Univ Linz	2628	1250	291	124	2124	1490
15	Univ Salzburg	1850	851	230	99	1507	1163
19	Vienna Univ Technol	6679	2809	822	303	5581	4161
21	Univ Nat Resources & Life Sci - Vienna	3806	1690	537	185	3258	2210
22	Univ Vet Med Vienna	2129	916	263	93	1828	1411
24	Univ Vienna	10052	4201	1451	512	8508	6859
35	Univ Antwerp	13187	3964	2016	479	12229	9074
36	Vrije Univ Brussel	7628	2766	1085	290	6738	4472
40	Univ Libre Bruxelles	8368	3026	1313	332	7284	5816
41	Hasselt Univ	2652	917	329	94	2444	1811
42	Ghent Univ	19365	8145	2984	968	16372	11544
43	Katholieke Univ Leuven	25559	10855	4306	1462	21720	15571
44	Univ Liège	7746	3122	1074	328	6680	5042
45	Univ Catholique Louvain	8091	3246	1356	395	6850	4713
55	Univ Novi Sad	3262	1890	196	76	2408	1239
78	Univ Zagreb	6984	3503	641	204	5499	3567
81	Univ Cyprus	2487	918	348	90	2079	1456
82	Brno Univ Technol	2474	1307	197	77	1822	988
84	Masaryk Univ	6036	2528	634	185	5034	3046
89	Palacký Univ Olomouc	4386	1811	510	154	3623	2392
95	Charles Univ	15165	5965	1733	384	12948	8426
97	Czech Tech Univ Prague	4189	1614	376	88	3454	2315
98	Univ Chem & Technol - Prague	2403	1290	181	86	1878	703
99	Czech Univ Life Sci Prague	2459	1192	226	77	1923	1094
101	Aalborg Univ	8563	3704	1101	402	7099	4717
102	Aarhus Univ	16876	7502	2448	859	14072	10298
109	Univ Copenhagen	30654	13908	4969	1719	25151	19351
111	Tech Univ Denmark	13289	6030	2022	817	10925	9963
112	Univ South Denmark	11023	4198	1601	429	9644	7323
117	Univ Tartu	4397	1918	699	168	3573	2418
118	Åbo Akademi Univ	2206	894	258	86	1932	1020
123	Univ Helsinki	19713	7588	2754	780	17268	15372
125	Univ Jyväskylä	4561	1922	512	178	3862	3542
128	Univ Oulu	6252	2611	769	237	5372	4466
131	Univ Tampere	7133	3075	877	250	5976	4443
133	Univ Turku	7760	3070	1087	311	6819	4817
156	Univ Macau	5411	2351	721	296	4637	1699
167	Univ Kebangsaan Malaysia	4855	2766	490	244	3675	1983
168	Autonomous Univ Nuevo Leon	2180	1158	146	55	1701	851
210	RWTH Aachen Univ	14242	6538	1861	692	11483	7185
214	Univ Bayreuth	3325	1636	363	142	2598	1550
215	Freie Univ Berlin	20174	5289	3245	580	19103	12034
216	Humboldt Univ Berlin	19980	4722	3281	522	19126	12240
217	Tech Univ Berlin	6691	3036	887	343	5514	3555
218	Bielefeld Univ	3324	1579	435	154	2637	2018
219	Ruhr-Univ Bochum	8835	3917	1155	397	7210	4629
220	Univ Bonn	12238	4792	1942	589	10465	7826
222	Tech Univ Braunschweig	3685	1696	415	157	2932	1687
223	Univ Bremen	5078	1977	622	162	4383	2774
224	Chemnitz Univ Technol	1869	931	159	64	1455	733
226	Tech Univ Darmstadt	5471	2620	688	265	4302	2477
227	TU Dortmund Univ	3916	1725	417	130	3045	2047
228	Tech Univ Dresden	13278	5093	1922	531	11496	7229
229	Heinrich Heine Univ Düsseldorf	7604	3075	1057	294	6393	4502
232	Friedrich-Alexander-Univ Erlangen-Nürnberg	13121	6054	1815	656	10666	7053
233	Univ Duisburg-Essen	8784	3538	1406	386	7438	4789
235	Goethe Univ Frankfurt	11375	4602	1712	520	9668	6874
236	Univ Freiburg	12487	5014	2005	600	10620	7506
237	Justus Liebig Univ Giessen	6783	2596	862	263	5817	4043
238	Georg-August-Univ Göttingen	12212	4912	1883	624	10371	7365
239	Univ Greifswald	3831	1569	531	136	3261	2110
243	Univ Hamburg	15752	6093	2335	647	13489	9778
244	Hannover Med Sch	6553	2512	1033	258	5706	3983
245	Gottfried Wilhelm Leibniz Univ Hannover	4834	2339	586	204	3798	2386
246	Heidelberg Univ	21643	7823	3657	949	19186	14144
247	Friedrich Schiller Univ Jena	8319	3433	1148	334	7207	4350
248	Tech Univ Kaiserslautern	2179	1171	252	116	1678	1099
250	Univ Kassel	1891	943	229	91	1480	793
251	Kiel Univ	8011	3213	1243	345	6837	4479
252	Univ Cologne	10914	4169	1615	457	9484	6604
253	Univ Konstanz	3301	1525	457	160	2643	2423
254	Leipzig Univ	8505	3501	1210	334	7204	4788
256	Otto von Guericke Univ Magdeburg	4095	1720	543	159	3491	2119
257	Johannes Gutenberg Univ Mainz	10550	3933	1581	451	9098	6453
259	Ludwig-Maximilians Univ München	20844	7802	3667	1027	18122	13441
260	Tech Univ Munich	20650	8693	3333	1078	17282	11897
261	Carl von Ossietzky Univ Oldenburg	3154	1461	353	121	2544	1711
263	Paderborn Univ	1677	889	173	86	1265	752
265	Univ Potsdam	5029	1720	696	188	4496	3065
266	Univ Regensburg	5907	2842	826	318	4631	3416
267	Saarland Univ	5493	2510	654	201	4463	2828
269	Univ Stuttgart	5130	2773	670	322	3771	2316
270	Eberhard Karls Univ Tübingen	12931	5225	1874	546	11127	7803
273	Julius Maximilian Univ Würzburg	8947	3644	1467	434	7575	5646
275	Univ Aberdeen	6226	2339	1138	318	5472	5132
276	Univ Bath	6244	2725	949	361	5205	4773
277	Univ Birmingham	15827	6344	2778	903	13514	13396
280	Univ Bristol	16102	6541	2932	1012	13746	14548
281	Univ W England - Bristol	1999	830	219	86	1676	1604
282	Univ Cambridge	35202	14080	7302	2628	29917	29673
283	Univ Kent	3787	1637	535	190	3095	3339
286	Univ Essex	2584	1106	355	127	2177	2145
287	Univ Ulster	2448	1062	330	122	2046	1927
288	Coventry Univ	2471	1002	296	106	2108	1496
289	Univ Warwick	12050	4478	1908	637	10416	10322
290	Cranfield Univ	2870	1404	419	181	2307	2477
291	Univ Dundee	4065	1597	770	225	3455	3669
293	Durham Univ	7659	3153	1213	423	6433	6988
295	Heriot-Watt Univ	3650	1318	469	140	3285	2345
296	Univ Edinburgh	22362	8280	4064	1246	19357	19870
299	Univ Exeter	9773	3686	1893	608	8539	8305
301	Univ Glasgow	15021	5438	2823	886	13156	13225
302	Univ Strathclyde	6105	2278	817	276	5356	5520
303	Univ Surrey	5952	2221	901	304	5231	4855
305	Univ Hull	3200	1078	503	140	2905	2126
306	Keele Univ	2576	937	304	95	2263	2304
309	Univ Leeds	14148	6127	2461	897	11792	12594
311	Univ Leicester	6377	2388	1039	270	5561	5229
314	Liverpool John Moores Univ	3531	1089	506	143	3269	3228
315	Univ Liverpool	14534	5072	2404	690	12954	11020
316	City Univ London	2699	1161	365	132	2245	2417
318	Imperial Coll London	32217	11779	6593	2089	28189	27103
320	London Sch Hyg & Trop Med	9055	2320	1801	394	8701	8486
325	Univ Coll London	40263	14923	8166	2669	35555	35448
326	Univ Greenwich	4446	1160	718	167	4249	3788
330	Loughborough Univ	5410	2420	731	276	4489	4769
331	Manchester Metropolitan Univ	2351	954	323	116	2016	2006
332	Univ Manchester	24312	10296	4116	1543	20222	19949
334	Open Univ	2570	973	325	87	2200	2228
335	Newcastle Univ	11927	4896	2138	728	10236	9596
337	Univ Nottingham	15955	7205	2566	952	13237	12126
339	Univ Oxford	41154	16088	8524	2991	35001	35031
341	Univ Plymouth	3610	1424	563	172	3087	3062
344	Univ Portsmouth	2943	1142	417	123	2529	2745
348	Univ Sheffield	14190	6281	2360	862	11519	12081
349	Univ Southampton	16280	6333	2766	872	13995	14591
351	Univ Stirling	2357	917	383	125	2053	2095
353	Roy Holloway - Univ London	2983	1013	474	130	2578	2215
354	Swansea Univ	4661	1951	706	230	3991	4063
355	Brunel Univ London	3776	1339	552	172	3331	3046
357	Univ York	8344	3255	1362	464	7146	7210
362	Natl & Kapodistrian Univ Athens	11473	4671	1522	384	9664	6020
363	Natl Tech Univ Athens	5080	2263	590	234	3865	2386
365	Univ Ioannina	3512	1213	462	117	3029	1846
366	Univ Crete	3319	1140	454	121	2995	1896
367	Democritus Univ Thrace	1898	930	181	66	1466	695
369	Univ Patras	3849	1887	382	155	3055	1464
371	Aristotle Univ Thessaloniki	8842	4246	1127	394	6986	3646
373	Univ Thessaly	2717	1276	311	96	2184	1092
375	Univ Windsor	2303	1219	231	99	1700	722
378	Budapest Univ Technol & Econ	3073	1639	238	110	2283	1776
382	Eötvös Loránd Univ	4187	1358	460	100	3787	3019
384	Semmelweis Univ	3663	1294	503	90	3310	2331
385	Univ Debrecen	3605	1581	377	99	2920	2574
389	Univ Pécs	2007	915	196	51	1674	1187
391	Univ Szeged	3620	1743	357	100	2989	2579
394	Univ Iceland	3724	1263	584	114	3275	2323
395	Univ Coll Cork	5800	2651	852	343	4658	3148
399	Trinity Coll Dublin	7916	3427	1346	488	6594	4806
400	Univ Coll Dublin	9769	3786	1428	424	8328	6001
401	Dublin City Univ	2356	882	284	86	2044	1349
402	Natl Univ Ireland - Galway	4506	1965	639	206	3720	2669
403	Univ Limerick	3071	1569	395	183	2319	1713
405	Univ Politec Marche	3999	1861	506	215	3255	1652
407	Univ Bari Aldo Moro	7117	2605	882	262	6289	3853
409	Univ Bologna	18288	7517	2413	725	15269	10033
410	Brescia Univ	4275	1628	538	139	3708	2268
411	Univ Cagliari	5099	1951	538	154	4438	2749
416	Univ Catania	7347	2799	1015	351	6310	3702
417	Gabriele d'Annunzio Univ	3564	1448	443	146	3129	1697
418	Univ Ferrara	5404	1881	615	162	4829	3101
419	Univ Florence	13152	5346	1749	572	11160	7181
421	Univ Genoa	9557	3210	1199	291	8463	5512
422	Univ l'Aquila	3349	1446	400	148	2868	1642
423	Univ Salento	3046	1156	349	108	2601	1597
424	Univ Messina	5105	2310	667	238	4292	1885
426	Politec Milano	8525	4268	1117	492	6769	4354
427	Univ Cattolica Sacro Cuore	7190	2820	1040	297	6163	3521
429	Univ Milan	20278	7339	2709	704	17910	11839
430	Univ Milano-Bicocca	8052	2591	1096	277	7288	4730
431	Univ Modena & Reggio Emilia	5332	2042	685	214	4619	2814
433	Univ Campania Luigi Vanvitelli	5270	1925	636	220	4679	2482
435	Univ Naples Federico II	15856	6341	2112	756	13938	7887
436	Univ Padova	19674	7908	2707	847	16731	11280
437	Univ Palermo	6671	3215	733	298	5360	3215
438	Univ Parma	5504	2315	682	219	4684	2634
439	Univ Pavia	7865	2628	1092	301	7084	4543
441	Univ Pisa	12605	4766	1635	471	10838	7337
446	Sapienza Univ Rome	23019	9150	2859	852	19869	12821
447	Univ Rome Tor Vergata	9038	3120	1038	283	8139	5378
448	Roma Tre Univ	3494	1285	446	136	3064	1944
450	Univ Sassari	2903	1149	328	92	2587	1425
451	Univ Siena	4783	1617	581	153	4296	2609
453	Politec Torino	6261	3139	670	300	4799	3029
454	Univ Turin	13482	5134	1797	521	11706	8700
455	Univ Trento	5816	1905	825	233	5241	3756
456	Univ Trieste	5212	1497	650	128	4791	3201
457	Univ Udine	3411	1180	399	93	3002	1865
461	Univ Verona	5514	2015	772	221	4865	2804
472	Vilnius Univ	3476	1470	321	62	2825	1988
473	Univ Luxembourg	2410	1021	375	132	2013	1755
479	Univ Amsterdam	25424	9237	4645	1380	22571	17996
480	Vrije Univ Amsterdam	19053	6832	3330	984	17366	13536
482	Delft Univ Technol	12667	6094	1944	870	10288	9019
483	Eindhoven Univ Technol	6760	3337	1012	467	5572	4551
484	Univ Twente	6865	3072	931	354	5858	4368
485	Univ Groningen	20076	8220	3238	1074	17013	14412
487	Leiden Univ	18484	6825	3145	933	16328	14157
488	Maastricht Univ	12805	4750	2009	589	11509	8845
489	Radboud Univ	18374	7069	3183	994	16137	13191
490	Erasmus Univ Rotterdam	17575	6907	3246	988	15300	12130
491	Tilburg Univ	3021	1216	438	160	2621	1982
493	Utrecht Univ	24994	9508	4583	1476	22053	17864
494	Wageningen Univ & Res	11681	5000	2149	754	10246	7813
495	Norwegian Univ Life Sci	3152	1322	406	133	2788	1902
497	Univ Bergen	10428	3976	1598	424	9134	7521
499	Univ Oslo	19130	7734	3024	876	16444	13895
500	Univ Stavanger	1817	825	218	81	1469	860
501	UiT Artic Univ Norway	5354	2022	712	186	4631	4137
502	Norwegian Univ Sci & Technol	12133	5787	1573	600	9835	7319
506	Gdańsk Univ Technol	2560	1620	250	148	1577	1037
507	Univ Gdańsk	2465	1303	182	70	1867	1193
509	Silesian Univ Technol	2534	1645	151	79	1480	1155
511	Med Univ Silesia	2671	1423	181	49	1964	1568
512	Univ Silesia Katowice	2661	1429	144	64	1978	1313
514	AGH Univ Sci & Technol	5284	2644	407	152	3754	2631
516	Jagiellonian Univ	10090	4980	943	288	7807	5962
517	Łódź Univ Technol	2721	1727	198	111	1635	1145
518	Univ Łódź	2394	1309	155	78	1722	1213
519	Maria Curie-Sklodowska Univ	2068	1161	87	40	1436	961
521	Univ Warmia & Mazury Olsztyn	2410	1536	138	67	1456	1325
522	Adam Mickiewicz Univ Poznan	4504	2371	368	155	3261	2149
525	Poznań Univ Med Sci	3170	1701	250	84	2346	1894
526	Poznań Univ Technol	1896	1222	157	87	1135	735
531	Nicolaus Copernicus Univ Toruń	3195	1729	238	96	2285	1715
536	Med Univ Warsaw	4489	2125	354	95	3515	2539
538	Univ Warsaw	7196	3107	687	207	5797	4543
539	Warsaw Univ Technol	4995	2253	401	124	3800	2544
540	Warsaw Univ Life Sci	2379	1386	182	89	1643	1367
541	Wrocław Univ Environ & Life Sci	1749	993	114	63	1284	1026
542	Univ Wrocław	3283	1615	247	95	2523	1694
543	Wrocław Med Univ	2943	1387	282	70	2342	1843
545	Wrocław Univ Sci & Technol	3671	2225	240	134	2402	1632
547	Univ Aveiro	6785	3144	741	327	5791	2857
548	Univ Minho	5963	2478	692	240	5239	3902
549	Univ Coimbra	7700	3395	872	297	6569	3893
559	Univ Nova Lisboa	6427	2368	812	254	5733	3504
561	Univ Porto	14497	6539	1817	648	12221	7303
570	Univ Bucharest	2140	815	189	57	1908	894
571	Polytech Univ Bucarest	2297	911	201	53	1977	1051
572	Babeș-Bolyai Univ	2410	1086	229	72	2053	1005
592	Nagoya Inst Technol	1667	928	86	34	1237	567
594	Yokohama Natl Univ	1887	974	117	41	1447	859
608	Comenius Univ Bratislava	4750	1816	426	87	3990	2578
611	Slovak Univ Technol Bratislava	1701	895	104	37	1261	556
619	Univ Ljubljana	7955	3764	868	299	6138	4345
620	Univ Maribor	2135	1131	244	102	1554	1001
621	Univ Alcalá	3138	1320	344	109	2638	1406
622	Univ Alicante	3300	1832	292	130	2399	2450
623	Univ Extremadura	2806	1489	272	117	2161	1255
625	Univ Aut Barcelona	13431	5117	1893	531	11959	8187
626	Univ Barcelona	16705	6056	2499	651	15171	11025
627	Univ Politècnica Catalunya - BarcelonaTech	6637	3368	637	287	5295	5507
628	Pompeu Fabra Univ	4584	1366	799	171	4286	3415
631	Univ Cádiz	2448	1238	229	92	1905	1026
634	Univ Castilla-La Mancha	4294	2237	400	180	3380	1972
635	Univ Cordoba	3682	1783	365	132	2980	1614
637	Univ Girona	2636	1167	347	119	2246	1312
638	Univ Granada	9792	4512	1130	422	8155	4920
640	Univ Jaén	2151	1105	187	83	1685	797
641	Univ A Coruña	2469	1242	240	99	1942	1079
642	Univ La Laguna	3581	1214	382	91	3174	2422
643	Univ Las Palmas Gran Canaria	1905	975	176	70	1478	895
644	Univ Basque Country	9647	4068	1074	364	8165	4798
646	Univ Lleida	2152	962	252	92	1838	1417
648	Univ Aut Madrid	10986	4011	1493	418	9840	7143
649	Complutense Univ Madrid	13241	5347	1453	441	11479	7094
650	Natl Distance Educ Univ	2002	840	138	47	1668	873
651	Tech Univ Madrid	6982	3328	706	279	5565	3841
654	Univ Malaga	4129	2097	432	177	3243	1972
655	Rey Juan Carlos Univ	2787	1144	285	92	2405	1330
656	Univ Murcia	4782	2209	508	186	3961	2291
657	Univ Oviedo	5509	2579	576	172	4323	3149
658	Univ Balearic Islands	2927	1227	405	128	2521	1533
659	Univ Navarra	3518	1335	561	146	3117	1960
662	Univ Salamanca	4178	1813	467	151	3512	2306
663	Univ Cantabria	3343	1415	426	134	2686	2299
664	Univ Santiago Compostela	6227	2861	680	248	5132	3125
665	Univ Seville	9008	4408	936	382	7112	4458
666	Univ Rovira & Virgili	3960	1677	510	180	3345	1906
667	Univ Politècnica València	7078	3988	676	330	5289	5240
668	Univ Valencia	11827	4925	1473	414	10012	6768
669	Univ Valladolid	3169	1669	247	101	2482	1751
670	Univ Vigo	3846	1961	377	155	3055	1593
671	Univ Zaragoza	7391	3380	735	268	6066	4593
672	Chalmers Univ Technol	7635	3255	985	368	6489	4671
673	Univ Gothenburg	14013	5567	2246	654	12066	9104
677	Linköping Univ	8148	3665	1100	387	6732	5467
678	Luleå Univ Technol	2806	1310	301	113	2313	1222
679	Lund Univ	19377	8251	2854	900	15988	12780
682	Örebro Univ	2518	969	369	96	2150	1585
684	Karolinska Inst	23911	8447	4040	1095	21731	16744
685	KTH Royal Inst Technol	11355	4474	1414	474	9766	6659
687	Stockholm Univ	11198	3904	1839	502	9906	8029
688	Umeå Univ	7643	3164	1021	285	6410	5050
689	Uppsala Univ	18642	7205	2642	772	15910	12273
690	Univ Basel	12666	4956	2194	733	10947	8698
693	Univ Bern	15756	5855	2666	738	13721	10840
695	Univ Fribourg	3031	1093	416	118	2669	2540
696	Univ Geneva	13534	4982	2330	682	11785	9703
697	Ecole Polytech Féd Lausanne	13661	5704	2596	1076	11430	9558
698	Univ Lausanne	11198	4334	1989	597	9731	7712
703	ETH Zurich	23081	9529	4360	1683	19670	15410
704	Univ Zurich	20870	8341	3757	1185	18025	15045
705	Çukurova Univ	2633	1264	194	64	1947	1084
706	Sakarya Univ	1826	1123	102	57	1152	563
707	Ankara Univ	4561	2059	339	87	3639	1988
708	Bilkent Univ	1988	1132	192	102	1473	1868
710	Gazi Univ	3918	2060	267	119	3033	1068
711	Hacettepe Univ	5977	3088	501	181	4363	2205
712	Middle E Tech Univ	4373	2242	362	140	3297	1612
715	Akdeniz Univ	2076	1212	111	64	1388	651
718	Bursa Uludağ Univ	1987	1080	103	46	1366	811
719	Pamukkale Univ	1422	809	109	56	972	371
722	Fırat Univ	2103	1210	169	84	1507	589
723	Atatürk Univ	2724	1497	174	91	2096	746
726	Süleyman Demirel Univ	1779	1072	102	52	1217	527
727	Boğaziçi Univ	2626	904	262	59	2175	1611
730	İstanbul Tech Univ	4619	2557	363	165	3224	1477
731	İstanbul Univ	6816	3651	476	149	5008	2579
732	Marmara Univ	3206	1391	228	54	2574	1353
735	Yıldız Tech Univ	2851	1674	195	93	1903	777
736	Dokuz Eylül Univ	3083	1726	177	66	2185	924
737	Ege Univ	3797	2203	232	92	2616	1263
739	Selçuk Univ	2180	1098	150	64	1695	588
740	Erciyes Univ	2498	1454	184	98	1745	728
741	Kocaeli Univ	1473	899	75	41	929	459
743	İnönü Univ	1549	890	56	30	1116	431
747	Samsun Ondokuz Mayis Univ	1925	1033	90	34	1434	588
749	Karadeniz Tech Univ	2149	1287	151	71	1470	536
750	Yüzüncü Yıl Univ	1485	875	55	31	1011	424
781	Queen's Univ Belfast	8420	3271	1275	414	7223	7060
785	Univ Sussex	6217	2247	1080	317	5297	5331
790	Aston Univ	2669	904	388	119	2420	2399
793	Univ Huddersfield	1876	850	213	83	1520	1665
794	Lancaster Univ	7080	2515	1196	344	6141	6416
796	Northumbria Univ	3216	1170	450	143	2866	2804
797	Univ E Anglia	5648	2062	1065	306	4950	5210
800	Univ Reading	5244	2223	870	293	4405	4656
802	Univ St Andrews	6374	2183	1008	291	5720	5820
807	Politecnico Bari	2051	800	319	112	1703	1170
811	Univ Insubria	2742	940	362	99	2512	1385
812	Univ Perugia	7208	2733	973	305	6322	3796
813	Univ Salerno	5260	2256	663	240	4415	2327
818	Vita-Salute San Raffaele Univ	3004	1317	506	170	2518	1477
846	King's Coll London	22036	8401	4337	1394	19273	18375
848	Bangor Univ	2604	972	445	120	2355	2207
849	Cardiff Univ	11627	4741	1906	611	9790	10303
854	Swed Univ Agr Sci	6467	2561	1010	303	5678	4058
876	Martin Luther Univ Halle-Wittenberg	4993	1969	700	168	4231	2643
877	Univ Hohenheim	2753	1455	339	129	2101	1286
878	Univ Lübeck	3387	1154	531	112	3024	2062
880	Philipps-Univ Marburg	5405	2338	729	244	4545	2694
882	Techn Univ Bergakad Freiberg	1867	924	159	63	1464	508
883	Univ Münster	10778	4866	1663	616	8728	5871
884	Univ Rostock	5172	2228	549	192	4213	2631
885	Ulm Univ	7302	2948	1048	281	6242	4310
916	Hebrew Univ Jerusalem	11297	5617	1491	556	8624	5704
920	Bar-Ilan Univ	4813	2542	440	198	3627	2132
921	Tel Aviv Univ	18481	9518	2336	809	13776	8924
922	Ben-Gurion Univ Negev	8318	4351	762	310	6232	3583
924	Univ Haifa	4316	2176	375	123	3256	1625
947	Med Univ Białystok	1654	970	129	65	1122	959
958	Med Univ Lublin	2305	1280	143	62	1691	1343
959	Med Univ Lódz	2958	1531	287	80	2155	1776
960	Med Univ Gdansk	2568	1242	267	85	1987	1495
962	Univ Agr Kraków	1583	956	103	57	1069	798
963	Univ Life Sci Lublin	1578	1031	60	37	1004	876
964	Poznań Univ Life Sci	1944	1065	143	65	1451	1046
975	W Pomeranian Univ Technol - Szczecin	1400	937	78	42	773	636
989	Carlos III Univ Madrid	3575	1625	311	125	2910	2031
998	Miguel Hernández Univ	2469	1152	245	98	2049	1276
1002	Univ Almería	1962	1075	165	82	1513	796
1003	Univ Jaume I	2560	1275	251	107	2048	1780
1014	Anadolu Univ	1420	856	89	53	945	373
1015	Koç Univ	2326	1069	237	84	1846	1147
1016	Başkent Univ	1421	842	50	21	881	485
1033	Eskişehir Osmangazi Univ	1600	896	98	38	1155	450
1034	Queen Mary Univ London	11281	3779	2243	627	10038	9277
1037	London Sch Econ & Polit Sci	3788	1917	683	309	2801	3306
1046	Technion - Israel Inst Technol	9627	5045	1260	504	6873	4776
1047	Weizmann Inst Sci	5720	2536	1172	502	4597	4242
1052	Univ Buenos Aires	8078	3574	673	197	6790	4183
1053	Univ Nal La Plata	4756	2028	330	91	4110	2622
1054	Univ Adelaide	14515	5877	2429	770	12516	7454
1055	Univ Queensland	28448	12403	4510	1646	24175	14013
1056	Australian Natl Univ	13722	5456	2221	706	11730	8623
1057	Monash Univ	29293	11522	4587	1550	25826	14573
1058	Univ Melbourne	32871	13592	5296	1778	28379	18780
1059	Univ Newcastle	8543	3799	1253	453	7147	4218
1060	Univ West Australia	16615	5999	2570	696	14989	9143
1061	Univ New S Wales	26040	11136	4200	1498	22095	12420
1062	Univ Sydney	30613	12972	4921	1703	26177	16388
1063	Univ Fed Minas Gerais	9497	4771	779	299	7875	4225
1064	Univ Campinas	13544	6305	1280	455	11040	6149
1065	Fed Univ Rio Grande do Sul	11580	6103	962	383	9116	4748
1066	Univ Fed Rio de Janeiro	11686	5267	974	319	9902	5540
1067	Univ São Paulo	38628	18611	3524	1242	31646	18784
1068	Simon Fraser Univ	6862	2806	912	263	5668	3885
1069	Univ Calgary	16365	7384	2452	857	13221	8247
1070	Univ Alberta	23416	11038	3285	1195	18504	10601
1071	Univ Guelph	7223	3733	838	336	5537	3494
1072	Dalhousie Univ	8528	3592	1198	358	7030	4305
1073	McMaster Univ	14993	6431	2369	779	12332	7637
1074	Queen's Univ	8062	3734	1083	363	6335	3708
1075	West Univ	13313	6644	1806	688	10150	6289
1076	McGill Univ	25537	11254	4084	1440	20849	13897
1077	Univ Montréal	17236	7445	2269	730	14544	9055
1078	Carleton Univ	4743	1993	593	189	3884	2111
1079	Univ Ottawa	15522	6942	2325	778	12489	7796
1081	Univ Saskatchewan	7919	3891	821	290	6109	3477
1082	Univ Laval	10252	4667	1318	457	8345	5505
1083	Univ Toronto	47429	23454	8083	3226	37102	25563
1084	Univ British Columbia	29882	13143	4821	1700	24661	16147
1085	Univ Victoria	5919	2222	843	238	5102	3392
1086	Univ Waterloo	12156	6134	1669	710	9414	5373
1087	Univ Manitoba	9318	4305	1137	397	7469	4672
1088	Univ Chile	7640	3150	848	270	6709	4284
1091	Chiba Univ	6000	2766	478	139	4829	3123
1092	Kyushu Univ	14463	7008	1261	467	11796	6831
1093	Gifu Univ	2956	1365	198	69	2415	1422
1095	Hiroshima Univ	7772	3667	585	178	6210	4073
1096	Kagoshima Univ	3127	1354	192	53	2603	1567
1097	Kanazawa Univ	4773	2271	366	117	3838	2605
1098	Kobe Univ	7084	3250	581	163	5677	4095
1099	Kumamoto Univ	4222	1897	351	109	3503	2110
1100	Kyoto Univ	25085	11433	2551	903	20649	14091
1101	Nagasaki Univ	3802	1688	264	73	3142	2089
1102	Nagoya Univ	14641	6521	1345	441	12100	7657
1103	Niigata Univ	3749	1577	297	83	3194	1960
1104	Okayama Univ	6146	2828	523	143	4891	3530
1105	Osaka City Univ	3082	1416	203	55	2387	1823
1106	Osaka Univ	18566	8562	1698	623	15200	9873
1107	Hokkaido Univ	13662	6682	1126	407	10990	8096
1108	Tohoku Univ	18348	8736	1688	603	14821	8881
1110	Tokushima Univ	3023	1442	198	65	2397	1504
1111	Keio Univ	8460	3960	785	256	6775	4538
1112	Tokyo Inst Technol	10170	4762	950	339	8065	4847
1113	Tokyo Med & Dent Univ	4448	1917	402	116	3676	2386
1114	Univ Tokyo	34967	14995	3850	1337	29622	20649
1115	Waseda Univ	5321	2317	408	125	4401	2751
1117	Mie Univ	2143	1055	144	52	1576	1043
1118	Univ Tsukuba	9253	3528	869	221	8005	5432
1121	Natl Auto Univ Mexico	17300	8325	1214	417	13974	8106
1122	Univ Auckland	12679	5778	1796	646	10214	5972
1123	Univ Otago	8376	4058	1138	397	6534	4189
1124	Peking Univ	37357	18526	4937	2091	30072	18190
1125	Tsinghua Univ	40386	21225	6226	3018	31544	14320
1126	Jilin Univ	26515	17890	2211	1338	16552	9477
1127	Zhejiang Univ	43033	25964	5315	2917	30948	17289
1128	Univ Sci & Technol China	24378	11837	3308	1549	19552	8383
1129	Chinese Univ Hong Kong	14305	6218	2307	855	11960	6740
1130	City Univ Hong Kong	11040	4684	1831	694	9509	2893
1131	Hong Kong Polytech Univ	13307	6096	2213	904	11151	3872
1132	Hong Kong Univ Sci & Technol	8229	3741	1406	581	6908	3095
1133	Univ Hong Kong	16566	7717	2529	992	13458	8079
1134	Shandong Univ	26502	15891	2481	1366	19206	10801
1135	Lanzhou Univ	11189	6462	1145	594	8270	3891
1136	Nanjing Univ	23867	12270	3027	1401	19306	9507
1137	Fudan Univ	30273	16625	3482	1586	22869	15101
1138	Shanghai Jiao Tong Univ	45645	26265	5385	2638	33008	19712
1139	Nankai Univ	12057	6432	1676	850	9208	3920
1140	Huazhong Univ Sci & Technol	29822	18750	3878	2260	20609	11425
1141	Wuhan Univ	23678	13986	2861	1570	17582	9705
1142	Lomonosov Moscow State Univ	13465	5120	979	196	11617	6169
1143	St Petersburg State Univ	6818	2838	469	126	5693	2934
1144	Nanyang Technol Univ	20608	10085	3544	1659	16612	7052
1145	Natl Univ Singapore	28376	12847	4810	1950	23633	12918
1146	Univ Cape Town	9716	3401	1429	316	8584	6436
1147	Univ Witwatersrand	8251	3167	951	208	6963	4961
1163	Univ New Mexico	8112	3129	1179	340	6895	5186
1164	Iowa State Univ	11173	5501	1482	625	8722	6992
1165	Univ Massachusetts Amherst	9106	3701	1419	473	7614	5275
1166	Univ Michigan	41266	18756	7398	2780	33072	28065
1167	Univ Georgia - Athens	12290	5834	1460	588	9917	6631
1168	Emory Univ	20124	7980	3659	1158	17104	13798
1169	Georgia Inst Technol	14789	6763	2482	967	12103	7223
1170	Auburn Univ	5877	2912	666	262	4696	2343
1172	Univ Texas - Austin	20750	9595	3488	1460	16426	11740
1173	Johns Hopkins Univ	42900	17337	7939	2673	36496	30344
1174	Univ Maryland - Baltimore	10046	4020	1530	447	8525	6656
1175	Louisiana State Univ	7767	3606	915	332	6274	3686
1176	Univ California - Berkeley	26594	10006	5838	2103	23471	19363
1177	Univ Alabama - Birmingham	12941	5369	2266	657	10594	9182
1178	Virginia Tech	12403	6233	1522	620	9632	6457
1179	Indiana Univ - Bloomington	9051	3910	1338	485	7364	5678
1180	Boston Univ	17695	6463	3088	922	15474	12621
1182	Northeastern Univ - USA	6931	2713	1086	355	5904	4069
1183	Tufts Univ	8918	3546	1501	493	7549	5822
1184	Univ Colorado - Boulder	15098	5837	2889	941	12918	10096
1185	Univ Buffalo - SUNY	9985	4662	1322	495	7813	5564
1186	Univ Vermont	5032	2018	785	213	4181	3260
1187	Harvard Univ	82476	34234	18327	7246	71265	59599
1188	MIT	29268	10507	7586	2616	25571	22543
1189	Univ N Carolina - Chapel Hill	25451	10659	4453	1583	21452	18108
1190	Med Univ S Carolina	6810	2860	1124	358	5728	4443
1191	Univ Virginia	14021	6082	2265	760	11131	8517
1192	Northwestern Univ	25206	10900	5035	1879	20636	16579
1193	Univ Chicago	18159	7679	3889	1428	14951	12707
1194	Univ Illinois - Chicago	13518	5930	1801	641	10988	8116
1195	Univ Cincinnati	15287	6581	2433	782	12390	9100
1196	Clemson Univ	5376	2637	575	225	4222	2490
1197	Case West Reserve Univ	22612	10376	4012	1316	17711	13169
1198	Univ Maryland - College Park	18625	7199	3056	1068	15881	11916
1199	Texas A&M Univ - College Stn	23072	10467	3056	1154	18699	11287
1200	Univ Missouri - Columbia	9401	4633	1095	453	7393	4873
1201	Univ S Carolina - Columbia	8416	3751	1072	396	6963	4362
1202	Ohio State Univ	27815	12574	4361	1557	22119	16627
1203	Oregon State Univ	9479	4117	1432	474	7920	5215
1204	Univ Texas - Dallas	5452	2330	770	285	4548	2889
1205	Univ California - Davis	24729	10422	3975	1400	20800	16491
1206	Univ Colorado - Denver	15647	6556	2686	809	12826	10378
1207	Wayne State Univ	9000	3888	1218	392	7275	5586
1208	Duke Univ	33415	11846	6229	1792	29362	23069
1209	Univ Oregon	4508	1903	735	253	3661	2858
1212	Univ Arkansas - Fayetteville	4546	2231	482	171	3597	2071
1213	Colorado State Univ	9922	4494	1462	525	8111	5625
1214	Univ Florida	27280	12093	3736	1321	22222	15525
1215	Univ Texas - Med Branch - Galveston	3835	1756	527	196	3085	2746
1216	Dartmouth Coll	6373	2816	1136	424	5260	4523
1218	Univ Hawaii - Manoa	9091	3265	1263	338	8052	5875
1219	Baylor Coll Med	12785	4874	2301	692	11066	8833
1220	Rice Univ	6609	2651	1174	429	5644	4249
1221	Univ Houston - Houston	7824	3516	933	358	6523	3765
1222	Univ Texas - Hlth Sci Ctr - Houston	21962	9391	4293	1467	18236	14894
1223	Indiana Univ - Purdue Univ Indianapolis	11223	4709	1672	508	9328	8185
1224	Univ Iowa	14015	5942	2044	667	11370	9045
1225	Univ California - Irvine	15174	6526	2651	919	12311	10498
1226	Cornell Univ	28651	12779	5588	2201	23391	18968
1228	Univ Tennessee - Knoxville	15890	7007	2313	795	13108	9109
1230	Purdue Univ - W Lafayette	18724	9194	2556	1107	14544	9904
1231	Michigan State Univ	17855	7923	2587	957	14638	10216
1232	Univ Kansas	10417	4521	1410	443	8441	6137
1233	Univ Kentucky	10968	5256	1414	541	8585	6056
1234	Univ Nebraska - Lincoln	8626	3779	1060	398	7167	5207
1235	Univ Arkansas Med Sci - Little Rock	3510	1617	450	158	2825	2142
1237	Univ California - Los Angeles	33599	13675	6249	2237	28334	22930
1238	Univ South California	19009	8587	3212	1170	15165	11725
1239	Univ Louisville	6328	2861	788	261	5028	3477
1240	Texas Tech Univ	7298	3299	782	289	5754	3463
1241	Univ Wisconsin - Madison	26773	12465	4310	1666	21218	17412
1242	Kansas State Univ	6318	2842	728	254	5107	3584
1243	Loyola Univ Chicago	2990	1351	396	111	2357	1602
1245	Univ Miami	12221	5452	1808	615	9827	7129
1246	Med Coll Wisconsin	5592	2362	834	236	4543	3594
1247	Univ Minnesota - Twin Cities	28799	12872	4621	1672	23264	18218
1248	W Virginia Univ	6264	2812	729	223	5048	3408
1249	Vanderbilt Univ	19160	8292	3534	1191	15624	13588
1251	Yale Univ	28569	11716	5724	2130	23964	19760
1253	Tulane Univ	5449	2191	743	239	4639	3474
1255	Columbia Univ	33011	12558	6757	2221	28386	22631
1258	Icahn Sch Med - Mt Sinai	15401	5653	3173	908	13272	10189
1260	NYU	23221	9626	4297	1512	19237	14490
1261	Rockefeller Univ	2754	887	826	283	2476	2423
1262	Yeshiva Univ	7947	3102	1407	410	6684	5359
1263	Univ Delaware	7125	3251	973	369	5798	3920
1265	Univ Oklahoma	9283	4041	1329	418	7536	5316
1266	Univ Notre Dame	6673	3033	941	369	5253	4001
1269	Caltech	14557	5125	3136	1125	12879	11957
1270	Temple Univ	8101	3370	1194	408	6716	4746
1271	Thomas Jefferson Univ	5260	2285	840	298	4262	3007
1272	Univ Penn	32731	13568	6592	2336	27387	22401
1274	Carnegie Mellon Univ	7850	3424	1279	499	6379	4850
1275	Univ Pittsburgh	26904	11816	4656	1576	22054	18280
1276	Oregon Hlth & Sci Univ	9655	3655	1934	557	8258	6812
1277	Princeton Univ	13702	5332	3090	1214	11661	10360
1278	Brown Univ	13142	5271	2124	700	11149	9114
1279	Brigham Young Univ	3946	2129	471	193	2856	1900
1280	Washington State Univ	9219	4362	1164	459	7436	4639
1281	N Carolina State Univ	15268	6594	2020	712	12730	8325
1282	Univ Nevada - Reno	3819	1723	452	150	3086	2032
1283	Virginia Commonwealth Univ	8567	4019	1257	423	6732	4929
1284	Univ California - Riverside	8414	3503	1446	529	6937	5589
1285	Univ Rochester	10823	4479	1774	573	8827	7540
1286	Univ Utah	17528	7530	2821	911	14426	10766
1287	Univ Texas - San Antonio	3856	1494	439	136	3288	1696
1288	Univ California - San Diego	30109	12158	5974	2077	25572	22213
1289	Univ California - San Francisco	26511	10070	5714	1888	23062	20022
1290	Univ California - Santa Barbara	10040	4251	2007	762	8389	6745
1291	Univ California - Santa Cruz	6017	1941	1179	304	5355	4560
1292	Univ Washington - Seattle	38208	14807	7482	2390	32696	26335
1293	St Louis Univ	4057	1794	532	171	3207	1995
1294	Washington Univ St Louis	19937	8796	4025	1443	16019	14339
1296	Stanford Univ	39938	16454	9316	3563	33366	27390
1297	Oklahoma State Univ - Stillwater	5085	2287	560	185	4089	2391
1298	Stony Brook Univ - SUNY	9903	3826	1573	467	8407	6777
1299	Univ Connecticut	11054	5244	1562	596	8790	5956
1300	Syracuse Univ	3484	1528	431	146	2807	1920
1301	Florida State Univ	8902	3875	1236	452	7309	4777
1302	Univ S Florida - Tampa	8992	4208	1228	436	7188	4545
1303	Arizona State Univ	14549	6603	2128	776	11829	7443
1304	Rensselaer Polytech Inst	3262	1573	409	148	2582	1685
1305	Univ Arizona	17143	6933	2617	809	14300	11512
1306	Univ Alabama - Tuscaloosa	5272	2262	642	208	4343	2321
1307	Penn State Univ	24924	11565	3655	1438	19970	13748
1308	Univ Illinois - Urbana-Champaign	20679	10009	3098	1284	16270	11823
1309	George Washington Univ	8395	3369	1328	424	6990	4817
1310	Georgetown Univ	5649	2232	848	259	4735	3398
1311	Wake Forest Univ	6972	2747	1043	281	5829	4618
1312	Univ Massachusetts Med Sch	5038	1889	888	289	4379	3706
1315	Med Univ Graz	4315	1458	740	155	3860	2904
1316	Med Univ Innsbruck	3985	1558	699	176	3371	2616
1317	Med Univ Vienna	9697	3970	1635	460	8360	6483
1318	Brandeis Univ	2108	808	388	135	1738	1646
1335	Griffith Univ	9764	4325	1359	501	8114	5480
1336	RMIT Univ	7710	3472	1083	449	6479	2547
1337	Univ S Australia	6171	2527	832	283	5362	3553
1338	Univ Technol - Sydney	9219	3585	1543	541	8172	5317
1339	Flinders Univ	6057	2549	825	278	5117	3264
1349	Alexandria Univ	4488	1975	359	120	3662	1670
1363	Univ Sains Malaysia	5569	3188	475	230	4198	1787
1364	Univ Guadalajara	2208	1000	115	39	1922	952
1371	HSE Univ	2986	1144	306	78	2521	1710
1373	King Abdulaziz Univ	14626	5035	2199	512	13301	5655
1374	King Saud Univ	15030	6618	1499	486	13001	6474
1375	King Fahd Univ Petrol & Minerals	4514	2649	580	273	3018	1043
1379	Univ Sfax	4421	2760	285	171	3232	957
1399	Karlsruhe Inst Technol	13131	5678	1752	668	10927	6980
1400	Aalto Univ	7994	3542	1070	416	6723	5255
1407	Northwestern Polytech Univ	14316	9133	1876	1121	9234	3746
1408	Sichuan Univ	28226	18731	2893	1653	17710	10940
1409	Harbin Inst Technol	25409	16382	3154	1878	17172	6164
1410	Dalian Univ Technol	16608	10683	1920	1121	11159	3812
1411	Tianjin Univ	21345	13375	2585	1448	14940	5227
1412	Sun Yat-sen Univ	32100	17177	3815	1794	24729	15468
1413	Xiamen Univ	14370	8150	1777	887	11047	5051
1414	Beijing Normal Univ	12419	6221	1460	676	10355	5069
1415	China Agr Univ	10980	6417	1324	732	8503	4918
1416	Tongji Univ	21290	11690	2558	1261	16287	7623
1417	Shanghai Univ	10530	5750	1204	588	8223	2888
1418	E China Univ Sci & Technol	9648	6453	1016	587	6317	1995
1419	Xi'an Jiaotong Univ	28160	17265	3267	1760	19650	8997
1431	Univ Pretoria	6705	3204	699	226	5376	4591
1432	Stellenbosch Univ	6748	3036	838	252	5478	3606
1433	Univ Wollongong	8583	3711	1281	491	7338	4751
1434	Univ Tasmania	7165	3011	1046	340	6117	3783
1435	Queensland Univ Technol	9570	4018	1351	474	8217	6283
1436	La Trobe Univ	7048	2597	999	293	6190	3491
1437	Macquarie Univ	9253	3695	1345	445	7902	4554
1438	Univ Sherbrooke	4523	2146	569	201	3661	2241
1439	Concordia Univ	4462	2282	539	236	3337	1566
1440	York Univ	5423	2395	649	228	4261	2664
1441	Mem Univ Newfoundland	4654	2379	589	249	3431	1955
1442	Yokohama City Univ	3385	1224	352	70	2954	1888
1443	Nihon Univ	4069	1986	266	75	3113	2020
1444	Juntendo Univ	3449	1436	294	87	2884	1974
1451	Massey Univ	4423	2110	440	165	3570	1837
1452	Univ Malaya	11737	6030	1376	570	9434	4824
1458	Pontificia Univ Católica Chile	6999	2501	797	192	6243	4174
1459	Univ Fed São Paulo	7343	3081	618	165	6260	3703
1460	Univ Fed Santa Catarina	6245	3213	545	237	5000	2109
1461	Univ Estadual Paulista	14303	7043	1009	410	11900	9464
1462	Univ Cent Florida	6482	3209	848	366	5095	2715
1463	Drexel Univ	6189	2645	880	300	5133	3365
1464	Univ Albany - SUNY	4220	1640	542	157	3501	2321
1465	Georgia State Univ	4982	2171	585	214	4172	2754
1466	Utah State Univ	4100	1961	528	214	3265	2180
1467	San Diego State Univ	4035	1566	526	162	3512	2318
1468	Univ Toledo	2879	1409	379	164	2215	1435
1469	Rush Univ	5163	2183	842	266	4213	2765
1470	Univ Mississippi	5750	2232	742	209	4800	3436
1471	Univ Wisconsin - Milwaukee	3532	1610	419	142	2837	1689
1472	Univ New Hampshire	3400	1284	509	139	2936	1967
1473	Mississippi State Univ	4022	1977	368	136	3227	1689
1474	George Mason Univ	4559	1949	613	193	3754	2269
1475	Univ Belgrade	11590	5984	919	247	8999	5378
1476	Fed Univ Mato Grosso	2651	1032	146	42	2389	1123
1477	Univ East Finland	5987	2407	728	218	5226	3805
1479	Univ Fed Paraná	5664	2717	405	152	4716	2195
1480	Univ Fed Viçosa	3772	1989	275	120	3125	1616
1481	Fed Univ Pernambuco	4681	2343	323	126	3886	1731
1482	Fed Univ Santa Maria	3927	2133	247	106	3141	1157
1483	Univ Brasília	4885	2254	395	132	4150	2169
1484	Univ Fed Ceará	4005	1837	322	116	3556	1673
1485	Fed Univ São Carlos	4833	2215	350	145	4123	1928
1486	Rio de Janeiro State Univ	3670	1341	260	57	3233	1836
1487	State Univ Maringá	2768	1560	196	96	2219	939
1488	Univ Fed Bahia	3473	1477	285	91	3057	1623
1489	Univ Fed Fluminense	4181	1826	339	121	3636	1816
1490	Londrina State Univ	2367	1212	155	76	1964	948
1491	Univ Fed Uberlândia	2654	1303	172	61	2165	1002
1492	Univ Fed Goiás	3418	1525	252	84	2972	1507
1493	Fed Univ Paraíba	2867	1293	207	83	2463	1345
1494	Fed Univ Lavras	2219	1159	130	48	1815	842
1495	Fed Univ Pelotas	2813	1285	282	110	2416	1352
1497	Fed Univ Para	2714	1265	154	52	2327	1230
1498	Fed Univ Rio Grande do Norte	3754	1839	319	107	3146	1873
1501	Univ Free State	2411	1122	213	77	1907	949
1502	Univ KwaZulu-Natal	7086	3601	726	221	5319	3429
1503	Rhodes Univ	1875	853	174	48	1421	899
1506	Univ Johannesburg	4590	1797	544	170	3815	2006
1507	North-West Univ	3317	1465	392	111	2715	1614
1515	Tehran Univ Med Sci	10435	4806	865	307	9181	3002
1516	Univ Tehran	13250	7223	1176	586	10208	2752
1517	Sharif Univ Technol	5953	3676	526	292	3848	1292
1518	Shiraz Univ	4580	2941	395	219	2914	945
1519	Tarbiat Modares Univ	7169	4002	593	297	5309	1388
1520	Amirkabir Univ Technol	6996	4557	696	408	4412	940
1521	Shiraz Univ Med Sci	3147	1798	248	97	2240	982
1522	Isfahan Univ Technol	5458	3443	497	275	3366	1276
1523	Iran Univ Sci & Technol	5305	3676	507	343	2958	781
1524	Univ Tabriz	4687	2847	501	270	3264	821
1525	Shahid Beheshti Univ Med Sci	6318	2935	483	157	5389	1732
1526	Univ Quebec Montreal	3984	1651	453	166	3383	1849
1528	Ain Shams Univ	5395	2373	450	135	4268	1766
1529	Cairo Univ	9313	4293	768	246	7496	3175
1530	Gunma Univ	2495	1251	156	50	1944	1231
1532	Univ Canterbury	3895	1500	443	118	3353	2124
1533	Cent S Univ	26993	16950	3236	1828	18777	10133
1534	Southeast Univ	20397	11650	2408	1183	15267	6685
1535	E China Normal Univ	9080	4748	1131	536	7329	2954
1536	S China Univ Technol	18481	11226	2540	1421	13162	4384
1537	Hunan Univ	11730	6996	2077	1230	8877	2560
1538	Univ Sci & Technol Beijing	12102	7418	1441	770	8795	2958
1539	E Carolina Univ	2821	1254	311	98	2270	1421
1540	Florida Intl Univ	5943	2414	751	227	4918	3151
1542	Ehime Univ	2820	1192	190	42	2373	1386
1543	Kindai Univ	3372	1491	282	66	2685	1695
1544	Kitasato Univ	2845	1293	181	41	2214	1483
1545	Shinsu Univ	3917	1679	340	74	3213	2109
1546	Tokai Univ	2757	1033	215	44	2298	1508
1547	Tokyo Univ Agr & Technol	3549	1738	209	83	2916	1637
1548	Tottori Univ	2133	1058	112	31	1616	1123
1549	Yamagata Univ	2412	1064	151	47	1941	1091
1550	Yamaguchi Univ	2376	1136	110	33	1879	1224
1552	Univ Texas - Hlth Sci Ctr - San Antonio	4118	1487	675	176	3630	2707
1553	Univ Texas - Southwestern Med Ctr - Dallas	11317	4657	2215	761	9290	7405
1555	Univ Texas - Arlington	3830	1564	482	158	3208	1773
1557	Univ Texas - El Paso	2478	1069	289	105	2075	976
1577	James Cook Univ	5560	2235	887	287	4867	3071
2335	Korea Univ	17608	8357	1641	608	14246	7098
2340	Seoul Natl Univ	31869	17289	2891	1299	25214	15410
2347	Yonsei Univ	20302	11430	1742	777	15160	9491
2354	Kyungpook Natl Univ	9405	4595	684	269	7432	4297
2357	Chonnam Natl Univ	7781	3680	558	206	6083	3455
2361	Sungkyunkwan Univ	17738	9125	1534	623	13909	7652
2369	Inha Univ	5548	2874	431	188	4074	2038
2371	Chungnam Natl Univ	6027	2798	341	140	5018	2366
2373	Kyung Hee Univ	10885	5637	879	359	8129	4689
2380	Ewha Womans Univ	5508	2470	447	181	4493	2538
2383	Hanyang Univ	12498	6423	1105	480	9575	4481
2389	Univ Ulsan	8686	4917	809	358	6202	4222
2393	Ajou Univ	4652	2293	361	146	3603	2179
2395	Jeonbuk Natl Univ	6601	3335	482	213	5091	2786
2397	Cath Univ Korea	6908	3878	488	231	4618	3879
2404	Konkuk Univ	6830	3481	514	208	5359	3148
2406	Korea Adv Inst Sci & Technol	12562	6896	1383	712	9637	4751
2407	Pohang Univ Sci & Technol	6201	3267	690	337	4925	2175
2408	Pusan Natl Univ	9419	5094	656	260	7080	3952
2415	Natl Cent Univ	4699	1981	340	104	3936	2224
2416	Natl Chiao Tung Univ	6031	3136	454	205	4691	2036
2417	Natl Tsing Hua Univ	6260	2942	569	214	4907	2567
2418	Natl Cheng Kung Univ	8867	4962	672	297	6588	3443
2420	Natl Taiwan Univ	18602	8764	1850	655	15393	8771
2422	Natl Yang-Ming Univ	6801	2804	544	181	6115	4124
2425	Chang Gung Univ	8448	5107	567	281	6187	4829
2428	Natl Sun Yat-sen Univ	4136	1630	290	87	3638	1583
2430	Natl Chung Hsing Univ	4118	1965	282	116	3311	1741
2431	Kaohsiung Med Univ	4931	1936	341	104	4432	2645
2434	Natl Taiwan Univ Sci & Technol	3579	2079	279	138	2605	724
2435	Indian Inst Sci	7629	4652	632	333	4749	3144
2436	Indian Inst Technol Bombay	6347	4060	495	274	3875	1766
2438	Manipal Acad High Educ	2882	1505	224	85	2078	1046
2440	Vellore Inst Technol	4544	2901	471	272	2734	811
2441	Indian Inst Technol Kharagpur	6887	4822	563	372	3744	1195
2443	All India Inst Med Sci	3868	2479	338	126	2131	1550
2445	Indian Inst Technol Madras	6743	4286	505	271	3804	1775
2446	Indian Inst Technol Delhi	5875	3944	506	306	3369	1035
2448	Banaras Hindu Univ	5258	3513	445	239	3024	1282
2451	Indian Inst Technol Kanpur	4420	3107	359	231	2381	1099
2452	Univ Delhi	5187	2841	430	172	3526	1883
2454	Jadavpur Univ	3875	2317	256	140	2881	634
2455	Postgrad Inst Med Educ & Res	2673	1865	212	78	1279	1033
2458	Panjab Univ	3384	1582	341	142	2573	1319
2460	Aligarh Muslim Univ	2683	1663	317	199	1681	791
2461	Univ Calcutta	2868	1633	152	72	2142	655
2462	Anna Univ	4110	2590	260	137	2737	575
2463	Univ Hyderabad	2211	1298	160	73	1474	674
2466	Indian Inst Technol Roorkee	4789	3351	439	303	2574	700
2470	Annamalai Univ	1267	800	108	65	815	210
2472	Jawaharlal Nehru Univ	2169	1182	190	79	1611	801
2475	Indian Stat Inst	1485	814	114	53	1121	639
2478	Guru Nanak Dev Univ	1462	1029	154	97	858	300
2489	Bharathiar Univ	2002	874	147	54	1686	364
2490	Jamia Millia Islamia	1840	991	185	96	1438	519
2491	Savitribai Phule Pune Univ	1951	1025	157	71	1513	507
2499	Indian Inst Technol Guwahati	4246	3150	347	233	1919	903
2515	Pondicherry Univ	1443	945	110	65	862	293
2525	Mahidol Univ	7211	3399	684	200	5725	3783
2529	Chiang Mai Univ	3972	2048	295	99	3096	1519
2531	Chulalongkorn Univ	6426	3144	512	166	5020	2688
2533	Khon Kaen Univ	2958	1651	194	75	2275	1189
2535	Prince Songkla Univ	2698	1546	158	63	1907	849
2537	Kasetsart Univ	2696	1340	169	68	2213	950
2546	Univ Paris-Est Créteil Val de Marne	5328	1519	834	182	4988	2779
2578	Univ Sorbonne Paris Nord	2877	1005	378	91	2629	1617
2580	Univ Versailles Saint-Quentin-en-Yvelines	5768	1324	921	141	5541	3955
2594	Univ Tours	4189	1429	575	132	3801	2374
2596	Univ Nantes	7307	2317	1037	211	6747	4058
2604	Univ Caen Normandy	2661	1012	285	87	2411	1362
2621	Univ Poitiers	3725	1294	453	117	3407	1652
2625	Univ Rennes 1	8430	2397	1169	241	7924	5829
2630	Univ Rouen	3803	1255	490	104	3479	1762
2634	Univ Strasbourg	11957	4230	1637	464	10643	7108
2638	Univ Toulouse III - Paul Sabatier	15923	4699	2344	574	15053	10753
2641	Aix-Marseille Univ	18913	6256	2534	635	17247	13086
2660	Univ Angers	2158	870	271	78	1922	1156
2662	Claude Bernard Lyon 1 Univ	15417	5002	2024	508	14379	9255
2683	Univ West Brittany	3146	1011	344	88	2970	1788
2701	Univ Lorraine	10363	3877	1273	350	9326	5278
2703	Univ Orléans	2444	830	235	60	2271	1404
2779	Inst Natl Polytech Toulouse	5048	1157	581	122	4980	3595
2812	Univ Waikato	1887	821	201	65	1563	865
2856	Chung-Ang Univ	7249	3930	467	210	5201	2911
2874	Natl Res Tomsk Polytech Univ	2685	918	213	60	2342	1110
2881	Moscow Inst Phys & Technol	4526	822	432	54	4453	2974
2943	Swinburne Univ Technol	5087	1836	806	253	4544	2388
2944	Univ Canberra	2140	836	302	90	1855	954
2945	West Sydney Univ	5913	2253	919	277	5181	2878
3327	Soochow Univ	17106	9854	2031	1045	12614	6287
3328	Univ Electron Sci & Technol China	14498	8278	1955	968	10784	5213
3329	Capital Med Univ	15123	8097	1173	481	11409	8508
3330	Air Force Med Univ	4943	2999	584	318	3709	2753
3331	Chongqing Univ	14848	8908	1678	927	11088	4032
3332	Beijing Univ Chem Technol	7797	5088	998	571	5113	1465
3333	Second Mil Med Univ	5439	3081	547	276	4249	2899
3334	Beijing Inst Technol	13470	8197	1633	867	9672	3746
3335	Nanjing Med Univ	13264	7538	1171	602	9792	7423
3336	Beihang Univ	17432	10475	2254	1233	12270	5902
3337	Huazhong Agr Univ	7623	4637	912	500	5820	3566
3338	China Med Univ	7338	5145	564	331	3965	4385
3339	Nanjing Agr Univ	8896	5746	963	586	6294	3767
3340	Zhengzhou Univ	14484	8038	1535	711	10488	5940
3341	Xidian Univ	9438	6252	1092	651	6017	2746
3342	Army Med Univ	5176	3211	539	293	3521	3085
3343	Nanjing Univ Aeronaut & Astronaut	10052	6625	1006	572	6654	2413
3344	S China Normal Univ	5353	3017	505	239	4175	1779
3345	Northeast Normal Univ	4383	2677	395	218	3227	1264
3346	Nanjing Univ Sci & Technol	9719	5855	1227	658	6812	2223
3347	Nanjing Tech Univ	8715	4843	948	457	6826	1622
3348	Natl Univ Defense Technol	7830	5541	676	419	4423	3061
3349	Donghua Univ	5750	3370	617	318	4297	1290
3350	Ocean Univ China	7770	4390	746	354	6255	2039
3351	Northeastern Univ	10954	7425	1099	674	6996	2726
3352	Jiangsu Univ	12953	8220	1283	741	8990	3730
3353	Southwest Univ	9024	5641	880	484	6338	2841
3354	China Pharmaceut Univ	5140	3215	523	314	3523	1584
3356	Northwest Agr & Forestry Univ	9214	5892	1024	603	6663	3666
3357	Zhejiang Univ Technol	6921	3950	750	362	5094	1661
3358	Beijing Univ Technol	7217	4399	794	403	5085	1923
3359	Wuhan Univ Technol	8970	5463	1168	650	6618	2241
3360	Harbin Med Univ	5948	3885	521	304	3844	3432
3361	Fuzhou Univ	5903	3454	766	426	4309	1449
3362	Jinan Univ	10209	4878	1098	435	8364	4024
3363	Chongqing Med Univ	6409	4109	539	314	4311	3450
3364	Beijing Jiaotong Univ	7338	4603	826	451	5115	2413
3365	Peking Union Med Coll	13888	7712	1356	554	10174	8064
3366	Nanjing Normal Univ	5711	2675	619	265	4877	1950
3367	Nanchang Univ	8593	5497	887	481	5856	3356
3368	Shaanxi Normal Univ	5508	3311	534	275	3955	1556
3369	Xiangtan Univ	3401	2084	302	155	2320	725
3370	South Med Univ	9613	4746	913	414	7874	5330
3371	Beijing Univ Posts & Telecom	6324	4216	654	382	4173	2465
3372	Zhejiang Normal Univ	2774	1495	399	190	2123	780
3373	S China Agr Univ	5958	3133	616	287	4802	2595
3374	Yangzhou Univ	6846	3871	726	359	5079	2620
3375	Southwest Jiaotong Univ	7490	4562	918	528	5471	1889
3376	Tianjin Med Univ	5841	3092	573	255	4511	3381
3379	Qingdao Univ Sci & Technol	4066	2150	439	196	3031	734
3380	China Univ Geosci	13082	6618	1597	728	10996	3387
3381	Cent China Normal Univ	4118	1925	547	266	3372	1892
3382	Yunnan Univ	3336	1688	247	110	2693	1384
3383	Henan Univ	4607	2664	515	263	3186	1646
3384	Shanxi Univ	5138	2599	452	196	3883	1770
3385	Shanghai Normal Univ	2543	1256	291	120	1975	885
3386	Anhui Med Univ	5270	2871	420	186	3860	2728
3387	Shenyang Pharmaceut Univ	2966	2038	230	149	1931	773
3388	Harbin Engn Univ	5997	4084	567	333	3946	2020
3389	Hunan Normal Univ	3598	1748	337	141	2833	1480
3390	Shandong Agr Univ	2966	1934	281	167	2043	1259
3391	Ningbo Univ	5785	3232	526	245	4498	1721
3392	Northwest Univ	6013	3386	599	297	4656	1766
3393	Henan Normal Univ	3458	2072	318	168	2454	986
3394	Hefei Univ Technol	6960	4198	811	439	5196	1575
3395	Qingdao Univ	8459	4716	874	439	6304	3374
3396	Yanshan Univ	4160	2924	361	235	2655	1046
3397	Wenzhou Med Univ	8010	4844	711	380	5700	4246
3398	Capital Normal Univ	2991	1530	260	96	2397	1148
3399	Northeast Forestry Univ	3097	1985	243	145	2132	1111
3400	Hebei Univ	2806	1713	201	105	1926	788
3401	Guangxi Univ	4721	2348	425	182	3852	1568
3402	Univ Jinan	4251	2621	419	258	2758	1074
3403	Northwest Normal Univ	2298	1652	168	118	1391	517
3404	Anhui Normal Univ	1864	1087	164	65	1291	503
3405	Liaocheng Univ	1955	923	197	81	1590	424
3406	Anhui Univ	4198	2377	420	225	3202	1211
3407	Shandong Normal Univ	3953	2064	518	250	2962	1313
3408	Hebei Med Univ	3723	2255	233	111	2507	1989
3409	Nantong Univ	4650	2514	430	195	3390	1970
3410	China Univ Min & Technol	11130	7272	1141	670	7589	3393
3411	Shantou Univ	3115	1497	299	121	2541	1420
3413	Hohai Univ	7600	4367	792	399	5880	2636
3414	Hangzhou Normal Univ	2906	1210	252	101	2523	1290
3415	Hong Kong Baptist Univ	3440	1356	471	176	3116	1361
3416	China Univ Petrol Beijing	5814	3609	717	418	4368	1169
3417	Zhejiang Sci-Tech Univ	4102	2277	350	180	3162	1117
3418	Beijing Forestry Univ	4703	2969	404	231	3325	1913
3419	Kunming Univ Sci & Technol	5083	3311	414	242	3433	1312
3420	Taiyuan Univ Technol	5419	3516	494	291	3821	1285
3421	N China Elect Power Univ	6501	4419	790	466	4077	2069
3422	Wenzhou Univ	2010	1034	225	98	1587	547
3423	Tianjin Polytech Univ	3366	1990	263	129	2435	802
3456	Univ Wyoming	3531	1609	456	166	2827	1735
3470	N Dakota State Univ	2784	1531	256	113	2014	1154
3471	Univ Nebraska Med Ctr	3992	1852	507	195	3243	2546
3472	Univ N Texas	3701	1735	395	149	3034	1338
3475	Lehigh Univ	2444	1236	306	119	1859	1186
3476	Ohio Univ	2865	1274	358	113	2293	1461
3477	Montana State Univ	3082	1290	390	110	2606	2138
3479	South Illinois Univ - Carbondale	2783	1330	297	100	2202	1171
3481	Univ Akron	2527	1459	267	138	1857	749
3482	Univ Nevada - Las Vegas	3132	1384	357	124	2563	1363
3483	Univ N Carolina - Charlotte	2808	1357	340	129	2211	1159
3484	Kent State Univ	3096	1447	380	159	2488	1386
3485	Boston Coll	2870	1367	458	220	2253	1490
3486	New Mexico State Univ	2430	1003	257	79	2026	1326
3487	Loma Linda Univ	2287	1041	308	111	1832	1176
3488	Univ Missouri - Kansas City	3132	1239	474	123	2632	1696
3490	Univ Idaho	3187	1333	432	140	2722	1609
3491	Univ Memphis	2290	1083	239	92	1829	907
3492	Binghamton Univ - SUNY	2300	1185	234	83	1734	1135
3494	Michigan Technol Univ	2481	1235	300	112	1922	1179
3495	Missouri Univ Sci & Technol	2769	1538	347	174	2017	899
3496	Old Dominion Univ	2682	1172	302	97	2220	1184
3497	Colorado Sch Mines	2960	1361	407	150	2417	1365
3498	Uniformed Services Univ Hlth Sci	3073	1173	394	114	2700	1906
3499	Miami Univ	2128	1088	205	87	1603	825
3500	Univ Maine - Orono	2181	927	275	82	1827	1144
3502	Portland State Univ	2347	1035	271	105	1902	1296
3503	Univ Rhode Island	2773	1210	372	123	2291	1695
3506	Univ Maryland - Baltimore County	2279	859	296	81	1938	1464
3507	Univ Montana	2238	822	397	116	1987	1419
3508	New Jersey Inst Technol	2252	1006	325	125	1863	1099
3509	Illinois Inst Technol	2076	890	259	97	1728	977
3510	Coll William & Mary	1921	841	300	89	1546	1145
3512	Marquette Univ	1850	864	209	66	1426	1261
3514	Florida Atlantic Univ	2404	1060	257	99	2023	1078
3515	Univ N Carolina - Greensboro	1856	884	211	81	1506	1025
3516	Univ N Dakota	1679	809	195	74	1296	837
3517	Baylor Univ	4064	1465	593	149	3454	2211
3518	Univ Alaska - Fairbanks	2407	889	348	81	2143	1520
3524	Southern Methodist Univ	2300	842	313	84	1945	1260
3527	Univ Denver	1879	898	240	88	1445	806
3528	S Dakota State Univ	1835	847	197	86	1534	941
3532	Oakland Univ	1874	869	204	66	1491	793
3537	Rochester Inst Technol	1737	802	208	71	1354	1009
3573	Ryerson Univ	3499	1789	347	165	2690	1035
3574	Univ New Brunswick	2373	1048	239	82	1963	817
3581	Brock Univ	1696	876	163	72	1294	636
3582	Univ Regina	1901	875	207	79	1517	672
3634	Univ Toyama	2863	1166	197	57	2397	1406
3635	Tokyo Women's Med Univ	2289	970	198	48	1824	1112
3636	Nagoya City Univ	2091	867	154	46	1753	1115
3637	Kyoto Prefect Univ Med	2221	1009	185	47	1809	1169
3638	Tokyo Univ Sci	4012	1960	263	93	3128	1745
3642	Osaka Prefect Univ	2538	1382	134	50	1903	1078
3645	Jichi Med Univ	2174	871	206	54	1769	1202
3650	Hirosaki Univ	1830	876	135	43	1451	892
3656	Tokyo Metropolitan Univ	3054	1148	224	43	2579	1763
3687	Curtin Univ	11763	4752	1676	603	10230	5947
3688	Deakin Univ	9952	4084	1379	494	8579	4194
3689	Univ New England	2558	1171	297	105	2108	1140
3690	Murdoch Univ	3585	1438	428	140	3118	2065
3691	Victoria Univ - Melbourne	2232	959	385	128	1917	1089
3705	Natl Univ Cordoba	3141	1584	207	80	2455	1478
3707	Univ Concepción	3553	1452	297	92	3146	1824
3708	Univ Natl Colombia	3915	1767	325	88	3253	1741
3709	Mansoura Univ	4722	2067	455	139	3805	1765
3711	Zagazig Univ	3411	1659	298	132	2639	1081
3712	Assiut Univ	3213	1363	249	77	2599	931
3715	Ferdowsi Univ Mashhad	4782	3160	378	210	3016	911
3716	KN Toosi Univ Technol	2789	1816	210	124	1681	447
3717	Shahid Beheshti Univ	4187	2443	330	170	2858	892
3718	Univ Isfahan	2548	1580	184	101	1642	455
3719	Bu-Ali Sina Univ	1780	1150	120	63	1159	319
3720	Razi Univ	2065	1261	151	81	1388	337
3721	Tabriz Univ Med Sci	3938	2319	445	232	2971	1018
3722	Univ Guilan	2575	1656	226	132	1638	460
3723	Jordan Univ Sci & Technol	2089	1212	194	62	1427	734
3724	Univ Jordan	2414	1177	181	73	1915	797
3726	Kuwait Univ	1927	1023	148	50	1360	827
3727	American Univ Beirut	3305	1771	388	121	2376	1557
3728	Univ Putra Malaysia	6751	4148	578	320	5143	4441
3729	Natl Polytech Inst - Mexico	7255	3633	360	145	5885	2751
3730	Victoria Univ Wellington	3503	1641	383	148	2741	1618
3736	Univ Nis	1823	1026	122	68	1372	643
3737	Gyeongsang Natl Univ	4437	2064	305	121	3685	2046
3739	Sogang Univ	2154	1214	149	66	1559	768
3740	Kangwon Natl Univ	4784	2138	268	88	3942	2070
3742	Pukyong Natl Univ	3274	1727	193	94	2632	915
3743	Gwangju Inst Sci & Technol	3025	1597	264	109	2323	1182
3744	Chungbuk Natl Univ	4240	1913	214	76	3568	1976
3746	Chosun Univ	2556	1297	136	52	1940	991
3748	Sejong Univ	4426	1839	555	178	3741	1819
3749	Dong-a Univ	1968	855	116	41	1552	884
3751	Kwangwoon Univ	1711	944	106	53	1251	582
3753	China Med Univ - Taiwan	7583	2324	676	165	7231	4400
3755	Natl Taipei Univ Technol	3046	1705	230	104	2328	943
3756	Taipei Med Univ	5954	2318	495	164	5461	3394
3758	Feng Chia Univ	1980	972	123	46	1578	510
3759	Chung Yuan Christian Univ	1864	858	136	53	1523	511
3760	National Chung Cheng Univ	1520	834	95	48	1096	440
3761	Natl Taiwan Normal Univ	2651	1242	178	69	2179	956
3762	Chung Shan Med Univ	2531	962	190	61	2320	1404
3765	Univ Republic	3125	1503	262	88	2495	1340
6003	Univ Fed ABC	2920	900	267	62	2617	1793
6071	Univ Fed Juiz de Fora	2495	920	203	43	2205	1221
6080	Univ Fed Espírito Santo	2374	1078	158	56	2052	1017
7268	Univ Bordeaux	11801	3965	1733	483	11021	6970
9274	Univ Sci Technol Houari Boumediene	2122	1153	109	50	1698	474
9301	Univ Ghana	2220	971	174	53	1890	1460
9308	Makerere Univ	2701	878	260	51	2526	2132
9424	Univ Antioquia	2465	1128	234	72	2041	1121
9428	Univ Los Andes Colombia	2494	898	264	54	2177	1532
9430	Tanta Univ	2443	1119	202	69	1891	716
9438	Thapar Inst Engn & Technol	2344	1643	253	168	1284	291
9439	Inst Chem Technol	1718	1351	160	121	652	248
9440	Natl Inst Technol Rourkela	2556	1912	260	184	1266	331
9444	Mashhad Univ Med Sci	3521	1895	450	213	2836	842
9462	Univ Kashan	2232	1584	269	171	1223	349
9463	Isfahan Univ Med Sci	2676	1369	238	71	2096	876
9485	Shahid Bahonar Univ Kerman	2152	1348	126	70	1413	367
9486	Urmia Univ	2028	1283	133	68	1296	326
9487	Yazd Univ	1628	903	122	42	1123	477
9488	Univ Shahrood	1721	1071	151	80	1137	301
9489	Univ Mazandaran	1445	917	104	53	892	282
9490	Semnan Univ	2011	1370	190	117	1178	277
9491	Islamic Azad Univ Sci & Res Tehran	4995	2151	346	106	4457	1358
9501	Shizuoka Univ	2111	1059	111	40	1655	820
9508	Shimane Univ	1875	864	123	39	1460	927
9515	Toho Univ	2396	900	178	37	1991	1273
9530	Ritsumeikan Univ	2097	924	121	39	1721	928
9532	Nara Inst Sci & Technol	1823	869	174	64	1509	935
9541	Northeast Agr Univ	3244	2209	276	190	2154	1290
9550	Univ Tek Malaysia	5398	3030	664	359	4343	1361
9560	Univ Aut Met	2534	1131	117	37	2177	769
9568	Technol Monterrey ITESM	2127	950	254	88	1763	957
9570	Univ Ibadan	1746	856	178	45	1354	912
9575	Sultan Qaboos Univ	1986	887	237	79	1640	609
9580	Univ Punjab	3061	1567	172	78	2393	1105
9581	Univ Karachi	1770	871	87	30	1455	439
9582	Univ Agr Faisalabad	2559	1034	282	92	2255	769
9589	Sichuan Agr Univ	3968	2816	330	214	2671	2020
9590	China Acad Chin Med Sci	2081	913	185	76	1882	1224
9592	Jiangnan Univ	8801	5906	873	542	6001	2214
9594	Shenzhen Univ	11754	5158	1600	645	10124	4321
9596	Renmin Univ China	3546	1659	415	164	2972	1203
9597	Guangxi Med Univ	3590	2449	239	124	2020	2122
9600	Fujian Med Univ	4595	2704	312	134	3108	2556
9604	Guangdong Univ Technol	5689	2962	781	364	4606	1362
9606	China Jiliang Univ	2188	1265	187	88	1594	559
9610	Nanjing Univ Info Sci & Technol	7039	2923	891	321	6205	2616
9612	Dalian Med Univ	3715	2110	379	220	2665	1966
9614	Tianjin Univ Sci & Technol	2628	1569	208	115	2060	621
9616	Jiangxi Normal Univ	2351	1389	223	124	1678	585
9618	Hubei Univ	2820	1426	287	131	2352	702
9620	Xinjiang Univ	2253	1333	168	85	1582	631
9624	Hebei Univ Technol	3354	2048	339	167	2362	788
9626	Fujian Normal Univ	2781	1332	274	112	2405	832
9628	Heilongjiang Univ	1934	1248	197	124	1346	475
9630	Zhejiang Gongshang Univ	1633	896	187	94	1263	427
9632	Shanghai Univ Tradit Chinese Med	3151	1655	305	149	2427	1792
9636	Nanjing Univ Posts & Telecom	4765	2625	545	243	3857	1490
9640	Guangxi Normal Univ	2151	1026	155	72	1750	705
9642	Guangzhou Med Univ	6249	2537	612	185	5413	3748
9650	Henan Univ Sci & Technol	3091	1695	237	109	2291	1183
9652	Shandong Univ Technol	1989	1129	136	72	1484	510
9654	Guizhou Univ	3140	1653	249	106	2548	1055
9658	Changzhou Univ	2968	1843	247	144	2044	523
9662	Nanjing Forestry Univ	4292	2125	447	214	3541	1542
9664	Tianjin Normal Univ	1710	894	119	45	1327	597
9666	Anhui Univ Technol	1646	933	198	89	1219	327
9668	Shaanxi Univ Sci & Technol	2384	1492	259	152	1619	437
9670	Shanghai Ocean Univ	2427	1067	190	73	2138	714
9674	Lanzhou Univ Technol	2519	1505	225	110	1730	633
9676	Hangzhou Dianzi Univ	3875	1936	426	183	3229	1182
9678	China Univ Petrol E China	6336	3984	714	416	4552	1276
9680	N Univ China	2572	1710	202	112	1623	795
9682	Henan Polytech Univ	2870	1688	224	102	2092	966
9692	Novosibirsk State Univ	6389	1328	457	56	6329	3001
9694	Moscow Engn Phys Inst	4115	815	392	43	3830	2571
9695	King Khalid Univ	2135	901	155	52	1884	653
9696	King Abdullah Univ Sci & Technol	6861	3324	1316	583	5521	5083
9700	Yeungnam Univ	5086	2764	429	204	3865	1664
9704	Univ Seoul	2140	818	188	61	1811	990
9709	Keimyung Univ	2169	860	156	41	1769	1071
9711	Dankook Univ	3184	1583	222	98	2371	1418
9713	Hallym Univ	4419	1884	248	86	3620	2439
9723	Dongguk Univ	4598	2178	370	159	3602	1785
9725	Hongik Univ	1639	861	73	34	1222	501
9726	Inje Univ	3893	1402	277	65	3356	1972
9732	Seoul Ntl Univ Sci & Technol	1708	1038	103	58	1078	459
9734	Univ Sci & Technol	5390	1052	397	72	5378	2109
9790	Natl Taiwan Ocean Univ	1833	938	112	45	1413	564
9794	Natl Def Med Ctr	2262	942	149	57	2031	1370
9812	United Arab Emirates Univ	2137	983	244	89	1762	1074
9814	Univ Massachusetts Boston	2221	908	336	91	1866	1104
9818	Univ Massachusetts Lowell	1981	850	232	86	1631	952
9826	Rutgers - State Univ New Jersey	18991	8263	2812	1038	15443	11090
9950	Iran Univ Med Sci	4249	1547	415	111	3911	1235
10000	Qatar Univ	3963	1694	479	179	3421	1568
10058	ITMO Univ	3104	969	314	78	2897	1559
10060	Kazan (Volga region) Fed Univ	3081	1094	237	50	2699	1370
10084	Ural Fed Univ	2928	1133	209	47	2557	883
10109	Univ Calabria	3727	1746	433	175	2973	1670
10113	Augusta Univ	3487	1479	492	169	2935	2187
10261	COMSATS Inst Info Technol	5059	1831	483	153	4668	1702
10267	Edith Cowan Univ	2951	964	463	130	2670	1313
10324	Inner Mongolia Univ	1541	928	121	62	1078	530
10325	Wuhan Univ Sci & Technol	3140	1719	362	180	2432	948
10326	GuangZhou Univ	3709	1459	562	199	3341	1330
10327	Xuzhou Med Coll	2500	1296	221	95	1894	1306
10329	Changsha Univ Sci & Technol	2363	1068	399	148	2015	675
10330	Xi'An Univ Technol	4273	2580	395	201	3064	1234
10331	Qufu Normal Univ	3030	1536	466	215	2416	897
10332	Dalian Maritime Univ	2325	1393	231	109	1620	681
10333	Nanjing Univ Chin Med	3404	1708	297	134	2782	1665
10335	Henan Agr Univ	1840	978	179	74	1451	928
10336	Jiangsu Normal Univ	2629	1420	323	163	2081	787
10337	Tianjin Univ Technol	2425	1294	281	121	1907	510
10338	Shandong Univ Sci & Technol	5356	2545	996	447	4261	1616
10339	Beijing Univ Chin Med	2845	1442	242	118	2322	1712
10344	Univ Montpellier	14761	4323	2119	520	14062	9203
10345	Australian Cath Univ	2914	862	486	129	2689	1410
10432	Univ Lille	10095	3589	1266	330	9219	5183
10435	Univ Chinese Acad Sci	63167	13540	7778	1592	62292	22879
10445	Mohammed V Univ	2243	925	193	40	1916	1003
10548	Gustave Eiffel Univ	4357	1363	513	131	4051	2388
10551	Univ Paris	26362	7724	4507	1005	24748	18023
10552	Inst Polytech Paris	6325	2044	854	237	5810	4545
10553	Univ Paris-Saclay	26264	8788	3786	1074	24100	17840
10554	Univ Paris Sci Lettres	15718	4395	2570	655	14794	11491
10560	Univ Côte d’Azur	4602	1279	756	156	4281	3052
10561	Univ Grenoble Alpes	17007	5854	2378	654	15625	10600
16188	Ulsan Natl Inst Sci & Technol	4385	2229	645	306	3453	1512
16435	Jeju Natl Univ	2070	1042	129	61	1646	895
16437	Tezpur Univ	1185	866	83	54	602	226
16441	Univ Yamanashi	1875	896	130	48	1436	967
16445	Indian Inst Technol (Indian Sch Mines)	2418	1824	195	143	1129	261
16446	Addis Ababa Univ	2209	819	254	50	2034	1565
16482	Inst Natl Recherche Sci	1998	903	276	113	1753	989
18000	Southwest Petrol Univ	3707	2399	340	202	2641	934
18001	Univ Shanghai Sci & Technol	4089	2479	436	239	3039	1124
18002	Fujian Agr & Forestry Univ	4084	2217	459	209	3356	1854
18003	Xinjiang Med Univ	1940	1074	126	44	1318	1086
18004	Chang'an Univ	3863	2188	376	212	3032	1201
18005	Anhui Agr Univ	2028	1226	211	113	1438	832
18006	Huaqiao Univ	2734	1610	254	136	1951	729
18008	Harbin Univ Sci & Technol	2001	1269	135	64	1398	577
18010	Southwest Univ Sci & Technol	2802	1447	316	131	2263	649
18012	Xi'an Univ Arch & Technol	2229	1429	240	132	1485	468
18015	Qingdao Agr Univ	1939	1005	160	86	1438	655
18016	Henan Univ Technol	1544	863	142	68	1068	425
18017	Guilin Univ Technol	1683	929	148	62	1251	399
18020	Shihezi Univ	2342	1301	193	85	1851	971
18021	Chengdu Univ Technol	2370	1139	163	61	2005	599
18023	Shanxi Med Univ	2081	1054	124	50	1630	1085
18026	Hunan Agr Univ	2352	1011	262	90	2088	890
18028	Kunming Med Univ	2569	1220	181	68	2041	1464
18030	China Three Gorges Univ	2204	1187	210	95	1686	745
18031	Xinxiang Med Univ	1783	891	100	42	1349	897
18032	Hunan Univ Sci & Technol	1992	950	264	100	1656	503
18033	S Cent Univ Nationalities	1545	864	145	74	1180	421
18034	Guangdong Pharmaceut Univ	1657	813	158	69	1360	664
18036	Wuhan Institute Technol	2266	1022	318	120	1907	477
18037	Hainan Univ	2428	1179	258	96	1921	850
18040	JiLin Agr Univ	1641	820	109	52	1362	724
18041	N China Univ Sci & Technol	1802	969	174	80	1342	711
18043	Univ S China	2210	1097	172	82	1745	959
18053	Babol Noshirvani Univ Technol	1787	1137	306	178	1113	209
18055	Sahand Univ Technol	1347	955	107	59	715	163
18058	Univ Zanjan	1542	950	136	80	1035	303
18065	Univ Teknologi Petronas	2003	1192	199	109	1493	545
18066	Natl Univ Sci & Technol - Islamabad	2680	1312	241	95	2136	1005
18069	Gachon Univ	4005	1837	297	124	3187	1868
18072	Auckland Univ Technol	2573	1147	335	112	2159	1152
18076	Univ Tunis El Manar	4141	1967	215	80	3549	1130
18077	Univ Monastir	2663	1416	148	71	2236	666
18085	Texas State Univ	1836	894	178	74	1445	643
18090	Charles Sturt Univ	2282	913	238	71	1946	909
18430	Univ California - Merced	2130	878	384	130	1795	1352
18535	Zhejiang Chinese Med Univ	2028	961	159	62	1650	1136
18537	Shenyang Agr Univ	1752	986	148	66	1328	742
18540	Shanghai Maritime Univ	1813	874	192	86	1500	616
18542	Chongqing Univ Posts & Telecommun	2017	1108	265	120	1452	737
18546	Guangzhou Univ Chinese Med	2866	1504	242	113	2290	1591
18555	Al-Azhar Univ	2634	912	202	64	2425	789
18560	Shahid Chamran Univ Ahwaz	1525	967	114	66	933	255
18565	Ariel Univ	1578	863	72	31	1124	511
18584	Incheon Natl Univ	2198	1074	156	64	1730	699
18682	Sorbonne Univ	30681	8755	4742	1087	29126	22862
18685	Univ Sunshine Coast	2459	915	300	88	2176	1216
18700	South Univ Sci & Technol China	5324	1812	858	264	4994	1983
18701	Anhui Univ Sci & Technol	1829	928	144	65	1407	523
18707	Beijing Technol & Business Univ	2123	951	202	86	1739	620
18711	Yangtze Univ	2449	1149	203	78	2046	899
18801	Univ Nigeria	1461	814	84	28	1066	651
18891	Singapore Univ Technol & Design	1761	806	316	125	1523	759
18894	Ton Duc Thang Univ	3935	1203	586	156	3740	1267
18980	Daegu Gyeongbuk Inst Sci & Technol DGIST	1735	816	173	67	1407	722
18988	Khalifa Univ Sci & Technol	3074	1492	359	163	2449	896
19006	Univ Clermont-Auvergne	5609	1833	670	163	5160	3432
19121	Malek Ashtar Univ Technol	1416	980	86	55	783	164
19130	Indian Inst Technol Indore	1860	1155	180	102	1132	532
19131	Homi Bhabha Natl Inst	2659	813	150	43	2582	873
19132	Acad Sci & Innovat Res	4436	1392	358	114	4401	795
19133	IIEST Shibpur	1472	907	99	63	1024	214
19138	SRM Inst Sci & Technol	2543	1300	216	96	1918	480
32912	Universidade Lisboa	17465	7342	2025	657	14904	8696
33166	Univ Hlth Sci	2093	1311	52	25	1432	780
101154	Soonchunhyang Univ	3193	1377	201	65	2512	1696
101177	Payame Noor Univ	2477	1218	167	77	2020	422